City,Country,Lat,Lon,Date,Humidity,Max Temp,Wind Speed,Cloudiness
saint-augustin,ca,51.23,-58.65,2017-09-14 19:59:39,80,287.81,3.8,8
mataura,pf,27.5,77.68,2017-09-14 20:01:39,92,296.96,1.3,44
nantucket,us,41.28,-70.1,2017-09-14 19:35:00,94,296.15,4.1,90
ushuaia,ar,-54.8,-68.3,2017-09-14 19:00:00,64,275.15,13.9,75
beringovskiy,ru,63.05,179.32,2017-09-14 20:01:39,100,275.81,4.85,0
cape town,za,-33.93,18.42,2017-09-14 19:00:00,72,288.15,7.2,0
saint-philippe,re,-21.36,55.77,2017-09-14 19:30:00,64,295.15,3.1,20
rikitea,pf,-23.12,-134.97,2017-09-14 20:01:40,100,294.56,4,64
hilo,us,19.73,-155.09,2017-09-14 19:21:00,59,300.15,2.6,40
cidreira,br,-30.18,-50.21,2017-09-14 20:01:40,96,292.51,5.9,92
codrington,ag,-38.27,141.97,2017-09-14 20:01:40,99,285.46,8.05,92
comodoro rivadavia,ar,-45.87,-67.5,2017-09-14 19:00:00,26,289.15,9.3,0
beloha,mg,-25.17,45.05,2017-09-14 20:01:40,90,290.36,3.95,12
atuona,pf,-9.8,-139.03,2017-09-14 20:01:40,100,298.26,8.5,92
albany,au,42.65,-73.76,2017-09-14 19:51:00,69,300.15,2.6,75
kaitangata,nz,-46.23,169.75,2017-09-14 20:01:41,76,287.01,5.8,88
srednekolymsk,ru,67.45,153.68,2017-09-14 20:01:41,89,272.56,1.6,88
sao joao da barra,br,-21.64,-41.05,2017-09-14 19:00:00,57,299.15,11.3,0
syrskoye,ru,52.57,39.5,2017-09-14 20:01:41,60,289.76,5,0
punta arenas,cl,-53.15,-70.92,2017-09-14 19:00:00,86,277.15,9.8,75
port lincoln,au,-34.73,135.87,2017-09-14 20:01:41,96,286.16,5.2,92
khonuu,ru,64.57,143.2,2017-09-14 20:01:42,88,266.76,1.15,32
buloh kasap,my,2.55,102.76,2017-09-14 19:00:00,88,299.15,3.6,75
culebra,us,18.3,-65.3,2017-09-14 19:43:00,94,299.15,6.2,90
barrow,us,71.29,-156.79,2017-09-14 19:35:00,100,276.15,2.1,90
narsaq,gl,60.92,-46.05,2017-09-14 18:50:00,48,292.15,7.2,75
banda aceh,id,5.56,95.32,2017-09-14 20:00:18,100,295.51,1.95,56
marzuq,ly,14.25,32.99,2017-09-14 20:01:42,65,300.01,6.35,12
sistranda,no,63.73,8.83,2017-09-14 19:20:00,87,284.15,2.3,75
busselton,au,-33.65,115.33,2017-09-14 20:01:43,100,287.46,9.45,92
georgetown,sh,6.8,-58.16,2017-09-14 19:00:00,55,306.15,6.2,20
puerto ayora,ec,-0.74,-90.35,2017-09-14 19:00:00,61,298.15,9.3,20
qaanaaq,gl,77.48,-69.36,2017-09-14 20:01:43,100,269.26,1.6,44
saldanha,za,-33.01,17.94,2017-09-14 19:00:00,71,286.15,4.1,0
nusaybin,tr,37.08,41.22,2017-09-14 20:01:43,61,291.01,1.4,0
leningradskiy,ru,69.38,178.42,2017-09-14 20:01:43,100,274.71,8.25,88
ladario,br,-19,-57.6,2017-09-14 19:00:00,29,310.15,5.7,0
goya,ar,-29.14,-59.26,2017-09-14 20:01:44,87,292.61,1.6,0
satitoa,ws,61.5,27.27,2017-09-14 19:20:00,100,284.15,0.5,90
illoqqortoormiut,gl,41.9,12.49,2017-09-14 19:20:00,77,296.15,2.6,0
chernolesskoye,ru,44.72,43.71,2017-09-14 20:01:44,79,290.51,1.2,0
tenango,mx,18.65,-98.18,2017-09-14 18:44:00,60,294.15,6.7,75
airai,pw,25.35,82.47,2017-09-14 20:01:44,91,298.51,1.2,0
hobart,au,-42.88,147.33,2017-09-14 19:30:00,56,280.15,3.6,75
gwadar,pk,25.12,62.33,2017-09-14 20:01:44,96,298.81,2.5,0
new norfolk,au,-42.78,147.06,2017-09-14 19:30:00,56,280.15,3.6,75
tsihombe,mg,-25.3,45.48,2017-09-14 20:01:45,91,289.96,4.3,0
mendahara,id,-1.03,103.58,2017-09-14 20:01:45,96,296.51,1.2,24
kapaa,us,22.08,-159.32,2017-09-14 18:56:00,66,302.15,1.5,1
moranbah,au,-22,148.05,2017-09-14 20:01:45,35,283.96,5.3,0
dingle,ie,11,122.67,2017-09-14 20:02:15,96,295.86,0.5,44
karratha,au,-20.74,116.85,2017-09-14 20:02:15,27,288.16,3.1,0
kodiak,us,57.79,-152.41,2017-09-14 18:53:00,93,285.15,2.6,90
kall,de,50.55,6.55,2017-09-14 19:58:00,87,284.15,9.3,75
yellowknife,ca,62.46,-114.35,2017-09-14 19:00:00,61,282.15,1.5,75
meadow lake,ca,34.8,-106.54,2017-09-14 19:55:00,26,300.15,3.6,1
port elizabeth,za,-33.92,25.57,2017-09-14 19:00:00,93,285.15,1.5,0
la libertad,sv,-2.23,-80.9,2017-09-14 19:28:00,83,295.15,4.6,90
jamestown,sh,42.1,-79.24,2017-09-14 19:53:00,77,294.15,3.6,90
burnie,au,-41.07,145.92,2017-09-14 20:02:16,100,284.31,10.4,68
texarkana,us,33.43,-94.05,2017-09-14 18:53:00,48,302.15,1.5,1
hasaki,jp,35.73,140.83,2017-09-14 19:00:00,68,294.15,2.6,75
sao jose da coroa grande,br,-8.9,-35.15,2017-09-14 20:01:48,95,296.21,5.1,92
roma,au,41.89,12.48,2017-09-14 19:20:00,77,296.15,2.6,0
san patricio,mx,19.22,-104.7,2017-09-14 18:41:00,74,303.15,5.1,75
tabarqah,tn,30.47,13,2017-09-14 20:02:17,49,292.66,2.95,0
totness,sr,5.88,-56.32,2017-09-14 20:02:17,94,301.51,7.9,0
sillod,in,20.3,75.65,2017-09-14 20:02:17,96,296.76,3.05,92
taolanaro,mg,-25.02,46.97,2017-09-14 19:00:00,82,292.15,2.1,0
aykhal,ru,66,111.5,2017-09-14 20:02:17,95,276.41,2.1,76
hermanus,za,-34.42,19.23,2017-09-14 20:02:18,81,282.41,2.65,0
malanje,ao,-9.54,16.34,2017-09-14 20:02:18,79,293.21,2.6,36
avera,pf,33.23,-82.6,2017-09-14 19:35:00,51,304.15,3.1,75
dikson,ru,73.51,80.55,2017-09-14 20:02:18,97,277.31,7.05,68
kahului,us,20.89,-156.47,2017-09-14 19:19:00,66,302.15,3.1,1
belaya gora,ru,68.53,146.42,2017-09-14 20:02:18,89,271.36,2.15,68
vardo,no,70.37,31.11,2017-09-14 18:50:00,87,279.15,14.4,75
tasiilaq,gl,65.61,-37.64,2017-09-14 19:50:00,75,278.15,2.1,92
upernavik,gl,72.79,-56.15,2017-09-14 20:02:19,100,275.41,9.2,44
longyearbyen,sj,78.22,15.64,2017-09-14 18:50:00,69,275.15,6.7,0
sitka,us,57.05,-135.33,2017-09-14 18:56:00,76,286.15,4.1,90
znamenskoye,ru,57.13,73.83,2017-09-14 20:02:19,77,285.16,5.25,64
bengkulu,id,-3.8,102.27,2017-09-14 19:59:52,100,296.71,1.95,92
aleksandrov gay,ru,50.15,48.57,2017-09-14 20:02:19,88,290.21,4.7,0
brae,gb,60.4,-1.35,2017-09-14 19:20:00,93,285.15,8.7,76
locri,it,38.24,16.26,2017-09-14 18:55:00,69,296.15,3.6,0
great malvern,gb,52.11,-2.33,2017-09-14 19:20:00,71,285.15,4.1,20
clyde river,ca,70.47,-68.59,2017-09-14 19:00:00,80,274.15,9.8,90
klamath falls,us,42.22,-121.78,2017-09-14 19:53:00,23,291.15,2.1,90
cherskiy,ru,68.75,161.3,2017-09-14 20:02:20,100,274.36,2.5,92
yulara,au,-25.24,130.99,2017-09-14 19:00:00,38,279.15,2.1,0
carnarvon,au,-24.87,113.63,2017-09-14 20:02:20,100,290.96,1.65,0
lompoc,us,34.64,-120.46,2017-09-14 19:35:00,53,296.15,3.6,1
naze,jp,28.37,129.48,2017-09-14 20:02:21,100,301.71,10.15,88
morondava,mg,-20.28,44.28,2017-09-14 20:02:21,100,294.61,2.85,0
mys shmidta,ru,47.75,38.03,2017-09-14 20:02:21,65,287.86,2.5,0
turukhansk,ru,65.82,87.98,2017-09-14 20:02:21,98,273.86,2.95,80
avarua,ck,-21.21,-159.78,2017-09-14 19:00:00,83,298.15,3.1,20
kavaratti,in,10.57,72.64,2017-09-14 20:02:21,100,299.31,7.25,88
tharrawaddy,mm,17.65,95.8,2017-09-14 20:02:21,96,298.06,1.9,12
wajir,ke,1.75,40.06,2017-09-14 20:02:52,41,303.01,5.15,92
hukuntsi,bw,-24,21.75,2017-09-14 20:02:52,16,294.76,5.1,0
saint george,bm,37.1,-113.58,2017-09-14 19:35:00,70,294.15,1.7,1
biak,id,-1.88,136.23,2017-09-14 20:02:52,100,298.36,1.4,92
komsomolskiy,ru,40.43,71.72,2017-09-14 19:00:00,63,290.15,2.1,0
nemuro,jp,43.32,145.57,2017-09-14 20:02:52,100,288.11,6.45,68
trelew,ar,-43.25,-65.31,2017-09-14 20:00:19,26,286.21,8.15,0
payo,ph,13.91,124.3,2017-09-14 20:02:53,100,300.66,2.2,68
lebu,cl,-37.62,-73.65,2017-09-14 20:02:53,100,283.21,9.75,0
sambava,mg,-14.27,50.17,2017-09-14 20:02:53,100,296.91,5.35,48
chuy,uy,-33.7,-53.46,2017-09-14 20:02:53,90,289.96,2.4,36
lilongwe,mw,-13.97,33.79,2017-09-14 20:02:53,75,286.01,1.9,0
provideniya,ru,64.38,-173.3,2017-09-14 20:02:54,100,279.46,5.65,92
axim,gh,4.87,-2.24,2017-09-14 20:02:54,99,297.51,4.45,0
achikulak,ru,44.55,44.84,2017-09-14 20:02:20,67,292.26,1.7,0
bluff,nz,-46.6,168.33,2017-09-14 20:02:54,99,284.26,2.55,100
agadez,ne,19.75,10.25,2017-09-14 20:02:54,16,299.66,2.2,0
ust-kamchatsk,ru,56.23,162.48,2017-09-14 20:02:54,100,277.46,3.7,0
santa maria da boa vista,br,-8.81,-39.83,2017-09-14 20:02:54,66,297.36,7.1,80
conselheiro pena,br,-19.17,-41.47,2017-09-14 20:02:54,59,296.21,2.55,0
necochea,ar,-38.55,-58.74,2017-09-14 19:58:34,68,284.81,6.95,48
luderitz,na,-26.65,15.16,2017-09-14 19:00:00,71,287.15,6.7,0
neiafu,to,-18.65,-173.98,2017-09-14 19:00:00,88,297.15,4.6,75
abastumani,ge,41.71,42.85,2017-09-14 19:30:00,93,292.15,1.5,0
laguna,br,38.42,-121.42,2017-09-14 19:45:00,60,296.15,2.6,90
lakes entrance,au,-37.88,147.98,2017-09-14 20:02:55,83,285.01,6.35,24
vaini,to,-21.2,-175.2,2017-09-14 19:00:00,72,293.15,2.1,20
chokurdakh,ru,70.63,147.92,2017-09-14 20:02:55,97,273.46,4.1,88
palabuhanratu,id,-6.95,106.49,2017-09-14 20:02:56,100,298.46,8.3,68
rio grande,br,-32.03,-52.1,2017-09-14 19:00:00,100,290.15,4.1,90
belushya guba,ru,69.71,60.05,2017-09-14 20:02:56,99,277.01,7.1,20
saint-louis,sn,16.02,-16.49,2017-09-14 19:00:00,89,302.15,5.1,20
sorland,no,67.67,12.69,2017-09-14 19:20:00,87,282.15,1.5,0
tuktoyaktuk,ca,69.45,-133.04,2017-09-14 19:00:00,66,286.15,6.2,75
arouca,tt,10.63,-61.33,2017-09-14 19:00:00,50,308.15,2.6,40
kavieng,pg,-2.57,150.8,2017-09-14 20:02:56,100,301.66,3.35,0
souillac,mu,-20.52,57.52,2017-09-14 19:00:00,77,292.15,3.6,40
svetlyy,ru,54.67,20.13,2017-09-14 19:30:00,76,286.15,6,75
bredasdorp,za,-34.53,20.04,2017-09-14 19:00:00,81,284.15,2.6,12
kijang,id,35.24,129.21,2017-09-14 19:00:00,64,295.15,3.6,40
yataity,py,-26.37,-56.07,2017-09-14 20:02:57,98,291.76,1.6,92
yerbogachen,ru,61.28,108.01,2017-09-14 20:00:34,61,278.21,4.3,80
doume,cm,4.23,13.45,2017-09-14 20:02:57,96,292.86,0.95,88
omboue,ga,-1.57,9.26,2017-09-14 20:02:58,100,297.41,4.35,76
bambous virieux,mu,-20.34,57.76,2017-09-14 19:00:00,77,292.15,3.6,40
kysyl-syr,ru,63.9,122.76,2017-09-14 20:02:58,93,274.21,1.4,36
pokanayevka,ru,60.29,25.04,2017-09-14 19:50:00,93,285.15,3.6,75
balkhash,kz,46.85,75,2017-09-14 20:02:58,100,283.26,2.6,0
khatanga,ru,71.97,102.5,2017-09-14 20:02:58,88,275.76,4.9,8
zyryanovsk,kz,49.74,84.27,2017-09-14 20:02:58,88,274.36,1.75,0
carutapera,br,-1.2,-46.02,2017-09-14 20:03:29,75,301.21,5.5,48
mar del plata,ar,-38,-57.56,2017-09-14 19:00:00,58,288.15,6.7,40
piatra olt,ro,44.37,24.27,2017-09-14 19:30:00,48,292.15,3.1,0
camacha,pt,33.08,-16.33,2017-09-14 19:30:00,73,296.15,4.1,40
khandyga,ru,62.67,135.6,2017-09-14 20:03:30,96,275.36,1.15,24
merauke,id,-8.47,140.33,2017-09-14 20:03:30,92,298.06,6.15,88
half moon bay,us,37.46,-122.43,2017-09-14 19:35:00,81,297.15,4.1,75
torbay,ca,47.67,-52.73,2017-09-14 19:00:00,60,295.15,8.2,40
thompson,ca,55.74,-97.86,2017-09-14 19:00:00,62,284.15,1.5,90
nouadhibou,mr,20.93,-17.03,2017-09-14 19:00:00,83,296.15,8.7,20
saint anthony,ca,45.02,-93.22,2017-09-14 19:53:00,35,305.15,5.1,20
kruisfontein,za,-34,24.73,2017-09-14 20:03:31,95,287.51,3.65,0
vangaindrano,mg,-23.35,47.6,2017-09-14 20:03:31,90,287.76,0.45,0
port augusta,au,-32.5,137.77,2017-09-14 19:00:00,87,279.15,2.6,0
sentyabrskiy,ru,60.75,72.86,2017-09-14 20:00:39,98,279.96,2.7,92
mouzakion,gr,39.43,21.66,2017-09-14 20:03:31,74,286.61,0.7,0
ponta delgada,pt,37.73,-25.67,2017-09-14 19:30:00,64,296.15,3.6,75
trinidad,bo,21.8,-79.98,2017-09-14 18:51:00,59,307.15,4.6,40
grand river south east,mu,-20.29,57.78,2017-09-14 19:00:00,77,292.15,3.6,40
boguchany,ru,58.38,97.45,2017-09-14 20:03:32,100,276.21,2.9,88
tuatapere,nz,-46.13,167.68,2017-09-14 20:03:32,100,281.51,4.75,92
rungata,ki,60.25,24.07,2017-09-14 19:50:00,93,285.15,3.6,75
lorengau,pg,-2.02,147.27,2017-09-14 20:03:32,100,299.66,2.7,80
la ronge,ca,55.1,-105.28,2017-09-14 19:00:00,53,284.15,4.1,75
oistins,bb,13.07,-59.53,2017-09-14 19:00:00,74,304.15,6.2,75
chernyshevskiy,ru,63.01,112.47,2017-09-14 20:03:33,80,278.01,3.35,0
houma,cn,29.6,-90.72,2017-09-14 19:35:00,55,303.15,2.6,75
guerrero negro,mx,27.98,-114.06,2017-09-14 20:03:33,53,300.26,5.7,24
carbondale,us,37.73,-89.22,2017-09-14 19:53:00,45,302.15,3.1,40
verkhnyaya inta,ru,65.98,60.31,2017-09-14 20:03:33,72,277.31,4.65,92
abha,sa,18.22,42.51,2017-09-14 19:00:00,22,297.15,4.6,0
izacic,ba,44.88,15.78,2017-09-14 20:01:04,64,291.76,3.6,0
shizunai,jp,42.33,142.37,2017-09-14 19:58:59,100,284.81,2.3,0
novo aripuana,br,-5.12,-60.38,2017-09-14 20:03:33,51,305.26,0.9,12
eyemouth,gb,55.87,-2.09,2017-09-14 18:50:00,76,284.15,4.1,36
ahipara,nz,-35.17,173.17,2017-09-14 20:03:34,91,288.66,8.35,24
bodden town,ky,19.28,-81.25,2017-09-14 19:00:00,79,303.15,3.1,40
tiksi,ru,71.69,128.87,2017-09-14 20:03:34,100,272.76,2.3,68
hualmay,pe,-11.1,-77.61,2017-09-14 20:03:34,76,291.16,2.75,24
ossora,ru,59.24,163.07,2017-09-14 20:03:34,100,277.96,3.5,24
kirkuk,iq,35.47,44.39,2017-09-14 20:00:48,44,294.31,1.3,0
olafsvik,is,64.89,-23.71,2017-09-14 20:03:34,100,282.36,3.3,56
katsuura,jp,35.13,140.3,2017-09-14 19:30:00,73,295.15,5.1,75
nguiu,au,6.5,23.27,2017-09-14 20:03:35,92,295.81,2.85,36
mosetse,bw,-20.75,26.65,2017-09-14 20:03:35,12,296.06,6.8,0
diamantino,br,-14.41,-56.45,2017-09-14 20:03:35,46,305.46,1.15,0
east london,za,-33.02,27.91,2017-09-14 19:58:36,100,290.71,3.7,92
aswan,eg,24.09,32.91,2017-09-14 19:00:00,15,307.15,6.2,0
nikolskoye,ru,59.68,30.67,2017-09-14 19:30:00,82,286.15,6,20
severo-yeniseyskiy,ru,60.37,93.04,2017-09-14 20:03:36,94,275.06,2.35,80
higuey,do,18.61,-68.71,2017-09-14 19:00:00,79,304.15,5.1,75
rocha,uy,-34.48,-54.33,2017-09-14 20:04:06,85,289.46,3.45,0
morki,ru,56.43,48.99,2017-09-14 20:04:06,72,288.31,6.1,48
pevek,ru,69.7,170.31,2017-09-14 20:04:06,100,275.66,8.6,88
labuhan,id,-6.88,112.21,2017-09-14 20:04:06,100,300.71,5.45,0
castro,cl,-24.79,-50.01,2017-09-14 20:04:07,41,297.91,4.05,0
katol,in,21.27,78.58,2017-09-14 19:30:00,94,298.15,1.5,75
ruteng,id,-8.61,120.47,2017-09-14 20:04:07,95,292.86,1.55,12
champerico,gt,14.3,-91.92,2017-09-14 19:00:00,52,306.15,4.1,40
manicore,br,-5.81,-61.3,2017-09-14 19:00:00,88,297.15,1.5,75
manhumirim,br,-20.36,-41.96,2017-09-14 20:04:07,47,295.11,2.2,0
toliary,mg,-23.35,43.67,2017-09-14 20:04:07,100,291.91,1.6,36
itaituba,br,-4.28,-55.98,2017-09-14 20:03:09,46,306.71,1.05,8
abapo,bo,-18.83,-63.47,2017-09-14 20:04:08,64,298.51,1.65,0
meulaboh,id,4.14,96.13,2017-09-14 20:04:08,100,297.26,2.8,32
farmington,us,36.73,-108.22,2017-09-14 19:53:00,27,299.15,2.6,90
mao,td,39.89,4.27,2017-09-14 19:30:00,68,295.15,8.7,40
belmonte,br,-15.86,-38.88,2017-09-14 20:00:00,69,297.15,6.7,40
boa vista,br,2.82,-60.67,2017-09-14 20:02:29,85,303.66,1.05,32
acapulco,mx,16.86,-99.89,2017-09-14 18:43:00,94,298.15,4.6,90
chute-aux-outardes,ca,49.12,-68.4,2017-09-14 19:00:00,32,293.15,4.6,1
qaqortoq,gl,60.72,-46.03,2017-09-14 19:50:00,52,291.15,3.6,90
oga,jp,46.47,10.37,2017-09-14 19:20:00,93,279.15,5.7,0
lamar,us,38.09,-102.62,2017-09-14 18:53:00,22,306.15,2.4,1
leshukonskoye,ru,64.9,45.76,2017-09-14 20:04:09,94,284.16,4,68
tuyen quang,vn,21.82,105.22,2017-09-14 20:04:09,95,296.86,1.9,76
panjakent,tj,39.5,67.61,2017-09-14 19:30:00,81,291.15,3.1,0
ribeira grande,pt,38.52,-28.7,2017-09-14 19:30:00,83,296.15,4.6,75
dzhusaly,kz,27.33,86,2017-09-14 20:04:09,79,291.11,0.7,80
jalu,ly,29.03,21.55,2017-09-14 20:04:10,30,297.71,2.55,0
besikduzu,tr,41.05,39.23,2017-09-14 19:20:00,83,296.15,2.1,40
portalegre,pt,39.29,-7.43,2017-09-14 20:04:10,42,295.41,6.15,0
bukama,cd,-9.2,25.85,2017-09-14 20:04:10,45,294.66,2.75,0
kayerkan,ru,69.38,87.74,2017-09-14 20:04:10,99,275.31,3.8,92
mushie,cd,-3.02,16.9,2017-09-14 20:04:10,94,295.46,1,48
port-gentil,ga,-0.72,8.78,2017-09-14 19:00:00,83,299.15,5.1,40
vaitupu,wf,-17.8,-63.17,2017-09-14 19:00:00,36,307.15,10.3,8
maniitsoq,gl,65.42,-52.9,2017-09-14 20:04:11,91,279.76,5.15,92
koster,za,-25.86,26.9,2017-09-14 20:04:11,32,285.21,1.3,0
ambon,id,-3.7,128.18,2017-09-14 19:00:00,94,297.15,1,40
nanortalik,gl,60.14,-45.24,2017-09-14 20:04:11,90,278.36,10.75,100
nome,us,64.5,-165.41,2017-09-14 18:53:00,97,274.15,1.5,75
gao,ml,16.27,-0.04,2017-09-14 20:04:11,36,302.36,1.05,0
singkang,id,-4.05,120.03,2017-09-14 20:04:12,87,298.01,3.8,0
san vicente,ar,-26.62,-54.13,2017-09-14 20:04:12,65,297.21,2.65,92
isangel,vu,-19.55,169.27,2017-09-14 20:04:12,100,296.71,3.9,36
sulam,il,32.61,35.33,2017-09-14 18:50:00,79,302.15,4.6,40
plouzane,fr,48.38,-4.62,2017-09-14 19:30:00,93,285.15,1.5,0
poitiers,fr,46.58,0.33,2017-09-14 19:30:00,76,286.15,4.1,0
stornoway,gb,58.21,-6.39,2017-09-14 19:50:00,93,284.15,6.7,92
birecik,tr,37.03,37.99,2017-09-14 19:20:00,38,297.15,1.75,0
isla vista,us,34.41,-119.86,2017-09-14 19:35:00,53,296.15,3.6,1
talcahuano,cl,-36.72,-73.12,2017-09-14 19:00:00,50,287.15,6.2,20
xinzhi,cn,36.5,111.7,2017-09-14 20:04:43,92,283.71,1.05,68
norman wells,ca,65.28,-126.83,2017-09-14 19:00:00,71,285.15,2.1,75
lannion,fr,48.73,-3.47,2017-09-14 19:30:00,87,285.15,4.1,20
ilulissat,gl,69.22,-51.1,2017-09-14 19:50:00,86,277.15,0.5,75
waingapu,id,-9.66,120.26,2017-09-14 20:04:44,94,293.66,2.45,0
esperance,au,-33.87,121.9,2017-09-14 20:04:44,77,283.86,2.75,80
yirol,sd,59.44,24.75,2017-09-14 19:20:00,93,285.15,5.7,40
malakal,sd,9.53,31.66,2017-09-14 20:04:44,100,293.86,3.45,92
bulgan,mn,48.81,103.53,2017-09-14 20:04:44,91,279.21,1.3,92
tupaciguara,br,-18.59,-48.71,2017-09-14 20:04:44,33,301.41,3.85,0
dehloran,ir,32.69,47.27,2017-09-14 20:04:44,29,295.11,0.5,0
tecoanapa,mx,16.52,-98.75,2017-09-14 20:04:45,100,299.06,3.7,76
pangkalanbuun,id,-2.68,111.62,2017-09-14 20:04:45,94,297.26,2.65,24
ust-kuyga,ru,70.02,135.6,2017-09-14 20:04:45,96,270.11,1.35,76
hauge,no,58.34,6.28,2017-09-14 20:04:45,100,286.96,9.3,36
pryazha,ru,61.69,33.62,2017-09-14 19:00:00,93,285.15,2,56
mugur-aksy,ru,50.35,90.5,2017-09-14 20:04:45,65,260.51,0.95,0
arraial do cabo,br,-22.97,-42.03,2017-09-14 20:00:00,65,298.15,10.3,0
krasnoborsk,ru,61.56,45.93,2017-09-14 20:04:45,91,285.26,3.2,92
eureka,us,40.8,-124.16,2017-09-14 19:35:00,63,291.15,6.7,1
saint pete beach,us,27.73,-82.74,2017-09-14 19:35:00,63,308.15,2.1,40
mpanda,tz,-6.37,31.04,2017-09-14 20:04:46,58,290.86,1.3,0
shimoda,jp,34.67,138.95,2017-09-14 19:26:00,83,294.15,1,75
smithers,ca,54.78,-127.17,2017-09-14 19:00:00,71,283.15,1,20
ponta do sol,cv,32.67,-17.1,2017-09-14 19:30:00,64,296.15,10.3,20
egvekinot,ru,66.32,-179.17,2017-09-14 20:04:45,74,273.86,1.55,32
iqaluit,ca,63.75,-68.51,2017-09-14 19:00:00,65,281.15,3.6,75
marcona,pe,-15.37,-75.16,2017-09-14 20:00:22,97,287.91,10.75,92
severo-kurilsk,ru,50.68,156.12,2017-09-14 20:04:46,90,282.36,6.1,0
kangaatsiaq,gl,68.31,-53.46,2017-09-14 20:04:47,93,277.71,5.7,80
padilla,bo,3.22,-76.31,2017-09-14 19:00:00,40,305.15,3.1,75
dunedin,nz,-45.87,170.5,2017-09-14 20:02:08,69,286.06,4.85,48
hithadhoo,mv,-0.6,73.08,2017-09-14 20:04:47,100,300.11,2.1,68
san cristobal,ec,7.77,-72.22,2017-09-14 19:00:00,46,305.15,10.3,40
port alfred,za,-33.59,26.89,2017-09-14 20:04:47,96,289.01,3.7,80
raudeberg,no,61.94,5.11,2017-09-14 19:20:00,71,286.15,4.6,40
denpasar,id,-8.65,115.22,2017-09-14 19:00:00,94,296.15,1.5,20
mayo,ca,38.89,-76.51,2017-09-14 19:46:00,57,301.15,4.1,40
rapid valley,us,44.06,-103.15,2017-09-14 19:56:00,41,297.15,7.7,20
voh,nc,-20.97,164.7,2017-09-14 20:04:48,97,295.36,1.85,8
zhigansk,ru,66.77,123.37,2017-09-14 20:04:48,100,274.61,2.5,0
yeysk,ru,46.7,38.28,2017-09-14 20:04:48,92,291.71,1.85,0
palana,ru,59.12,159.97,2017-09-14 20:04:48,100,279.21,4.9,92
pacific grove,us,36.62,-121.92,2017-09-14 19:35:00,56,294.15,4.6,1
umzimvubu,za,-30.55,29.42,2017-09-14 20:04:48,91,283.01,1.05,76
ambilobe,mg,-13.2,49.05,2017-09-14 20:04:49,74,293.96,3,44
mehran,ir,33.12,46.16,2017-09-14 19:00:00,17,295.15,1,0
kryve ozero,ua,47.95,30.35,2017-09-14 20:05:19,66,290.61,5.55,0
tomatlan,mx,19.93,-105.25,2017-09-14 20:05:19,77,300.61,2.85,88
kirakira,sb,-10.45,161.92,2017-09-14 20:05:19,100,300.36,7.5,48
salinas,ec,36.68,-121.66,2017-09-14 19:35:00,64,294.15,4.6,75
sarakhs,ir,36.54,61.16,2017-09-14 19:00:00,22,293.15,2.1,0
sikar,in,27.62,75.15,2017-09-14 20:05:19,90,295.01,1.85,76
caldwell,us,43.66,-116.69,2017-09-14 19:53:00,32,297.15,3.1,40
amderma,ru,69.75,61.65,2017-09-14 20:05:20,90,275.46,4.45,80
russell,nz,38.9,-98.86,2017-09-14 18:56:00,20,309.15,9.8,1
santa rosalia,mx,27.32,-112.28,2017-09-14 20:05:11,98,302.71,2.85,0
san quintin,mx,30.48,-115.95,2017-09-14 20:00:44,51,297.46,4.8,0
mahebourg,mu,-20.41,57.7,2017-09-14 19:00:00,77,292.15,3.6,40
ketchikan,us,55.34,-131.65,2017-09-14 18:56:00,58,290.15,6.2,20
port macquarie,au,-31.43,152.92,2017-09-14 19:00:00,97,282.15,3.6,0
nizhneyansk,ru,55.64,51.82,2017-09-14 19:30:00,87,289.15,7,0
viedma,ar,-40.81,-63,2017-09-14 20:05:21,33,283.81,7.5,0
mullovka,ru,54.2,49.4,2017-09-14 19:00:00,82,290.15,4,0
barabai,id,-2.58,115.38,2017-09-14 20:05:21,96,295.26,0.85,44
aksarka,ru,66.56,67.8,2017-09-14 20:05:21,80,270.11,1.6,56
redmond,us,47.67,-122.12,2017-09-14 19:15:00,42,294.15,4.6,1
wulanhaote,cn,7.28,81.67,2017-09-14 20:05:21,98,297.31,1.85,92
grand centre,ca,48.58,7.75,2017-09-14 19:50:00,87,285.15,5.1,75
klaksvik,fo,62.23,-6.59,2017-09-14 19:50:00,93,282.15,12.9,92
general roca,ar,-39.03,-67.58,2017-09-14 19:00:00,30,288.15,7.7,0
khorixas,na,-20.37,14.97,2017-09-14 20:05:22,75,289.26,2.05,0
the valley,ai,18.22,-63.06,2017-09-14 20:05:22,93,302.11,5.7,36
haysville,us,37.56,-97.35,2017-09-14 18:58:00,24,306.15,7.7,1
sibolga,id,1.74,98.78,2017-09-14 20:05:22,100,292.41,0.65,92
sisimiut,gl,66.94,-53.67,2017-09-14 20:05:22,99,277.71,1.15,88
saskylakh,ru,71.92,114.08,2017-09-14 20:05:23,80,268.91,3.2,20
talnakh,ru,69.49,88.4,2017-09-14 20:05:23,100,274.96,3.85,92
neuquen,ar,-38.95,-68.06,2017-09-14 19:00:00,30,288.15,7.7,0
borovoy,ru,55.43,86.08,2017-09-14 19:30:00,93,279.15,3,75
kampene,cd,-3.6,26.67,2017-09-14 20:05:23,82,295.46,1.5,20
shiyan,cn,32.65,110.78,2017-09-14 20:05:23,87,288.46,0.75,12
pilar,ph,-9.6,-35.96,2017-09-14 20:00:00,69,297.15,5.7,75
lucapa,ao,-8.42,20.74,2017-09-14 20:05:23,79,294.71,1.95,32
norsup,vu,-16.07,167.38,2017-09-14 20:05:23,89,299.11,3.55,76
geraldton,au,-28.77,114.6,2017-09-14 19:30:00,87,284.15,3.1,56
makakilo city,us,21.35,-158.09,2017-09-14 18:58:00,61,302.15,3.1,1
srivardhan,in,18.03,73.02,2017-09-14 20:05:24,100,297.06,1.55,92
male,mv,4.17,73.51,2017-09-14 19:00:00,88,301.15,4.1,75
alto araguaia,br,-17.31,-53.22,2017-09-14 20:05:24,19,305.91,2.95,0
kachiry,kz,53.07,76.1,2017-09-14 20:05:24,82,278.76,2,0
butaritari,ki,3.07,172.79,2017-09-14 20:05:24,100,302.31,7.2,80
cayenne,gf,4.93,-52.33,2017-09-14 19:30:00,70,303.15,4.6,75
fortuna,us,40.6,-124.16,2017-09-14 19:35:00,63,291.15,6.7,1
palotina,br,-24.28,-53.84,2017-09-14 20:05:25,33,305.66,5.65,68
namibe,ao,-15.2,12.15,2017-09-14 20:05:25,100,291.51,4.1,0
sosnovo-ozerskoye,ru,52.52,111.54,2017-09-14 20:05:25,97,280.91,1.55,68
alta floresta,br,-9.88,-56.09,2017-09-14 20:05:55,25,308.71,1.05,0
biltine,td,14.53,20.92,2017-09-14 20:05:55,67,301.01,1.2,64
auki,sb,-8.77,160.7,2017-09-14 20:04:49,100,299.96,3.85,44
tommot,ru,58.96,126.29,2017-09-14 20:05:56,85,277.16,1.05,12
bilma,ne,18.69,12.92,2017-09-14 20:05:56,18,304.76,3.15,88
los llanos de aridane,es,28.66,-17.92,2017-09-14 19:30:00,78,297.15,5.1,20
samusu,ws,41.43,128.03,2017-09-14 20:05:56,81,273.16,0.95,64
goderich,sl,43.75,-81.72,2017-09-14 20:04:21,91,295.01,2.2,0
langsa,id,4.47,97.97,2017-09-14 20:05:56,96,292.96,0.95,64
micheweni,tz,-4.97,39.83,2017-09-14 20:05:56,96,299.06,4.85,36
chicama,pe,-7.84,-79.15,2017-09-14 20:05:56,82,293.01,2.5,20
aksu,cn,41.12,80.26,2017-09-14 20:05:57,68,283.56,1.6,12
constitucion,cl,-35.33,-72.42,2017-09-14 20:05:57,83,285.86,7.3,0
awjilah,ly,29.11,21.29,2017-09-14 20:05:57,37,300.76,6,0
walvis bay,na,-22.96,14.51,2017-09-14 19:00:00,87,285.15,3.6,0
vila velha,br,-20.33,-40.29,2017-09-14 19:00:00,73,298.15,8.2,40
jerico,co,5.79,-75.79,2017-09-14 19:00:00,60,297.15,6.2,40
tual,id,-5.67,132.75,2017-09-14 20:05:57,100,297.76,5,80
vila franca do campo,pt,37.72,-25.43,2017-09-14 19:30:00,64,296.15,3.6,75
saleaula,ws,17.31,78.48,2017-09-14 20:05:58,94,296.76,0.55,80
bethel,us,41.37,-73.41,2017-09-14 19:56:00,88,299.15,4.6,75
wenling,cn,28.37,121.36,2017-09-14 20:02:36,100,298.76,10.75,64
ushtobe,kz,45.24,77.98,2017-09-14 20:05:58,81,278.81,1.1,0
christchurch,nz,-43.53,172.63,2017-09-14 19:30:00,42,291.15,8.2,36
faya,td,-29.34,30.63,2017-09-14 20:05:58,93,286.86,0.6,76
terrenate,mx,19.48,-97.92,2017-09-14 18:44:00,60,294.15,6.7,75
pisco,pe,-13.7,-76.22,2017-09-14 20:05:58,68,293.96,3.95,0
barawe,so,24.2,83.03,2017-09-14 20:05:58,92,296.71,1.15,12
slobodskoy,ru,58.73,50.18,2017-09-14 20:05:59,93,286.51,6.8,12
praya,id,-8.71,116.27,2017-09-14 19:30:00,94,296.15,4.3,90
cabo san lucas,mx,22.89,-109.91,2017-09-14 18:55:00,79,306.15,7.2,20
faanui,pf,-16.48,-151.75,2017-09-14 20:05:59,100,299.21,8,0
middelburg,za,-25.78,29.46,2017-09-14 20:05:59,27,288.26,4,0
noumea,nc,-22.28,166.46,2017-09-14 19:30:00,82,290.15,2.55,20
ulladulla,au,-35.35,150.47,2017-09-14 19:30:00,58,285.15,10.3,20
windhoek,na,-22.56,17.08,2017-09-14 19:00:00,15,298.15,1.5,0
ostrovnoy,ru,68.05,39.51,2017-09-14 20:06:00,99,279.26,10.1,92
kamenka,ru,51.32,42.77,2017-09-14 20:06:00,71,287.11,3.65,32
portland,au,45.52,-122.68,2017-09-14 18:56:00,59,294.15,2.1,40
lagoa,pt,39.05,-27.98,2017-09-14 20:06:00,100,296.61,6.95,80
zhitikara,kz,52.19,61.2,2017-09-14 20:06:00,60,285.76,4.65,8
salalah,om,17.02,54.09,2017-09-14 18:50:00,83,300.15,3.6,20
chumikan,ru,54.72,135.31,2017-09-14 20:06:00,79,285.46,4.55,0
tulun,ru,54.56,100.58,2017-09-14 20:06:00,78,275.76,1.65,32
abay,kz,49.63,72.85,2017-09-14 19:30:00,93,276.15,2,0
tsuruoka,jp,38.72,139.82,2017-09-14 20:06:01,97,291.61,6.9,76
tazovskiy,ru,67.47,78.7,2017-09-14 20:06:01,90,274.71,2.05,64
henties bay,na,-22.12,14.28,2017-09-14 20:06:01,100,285.61,1.65,0
marawi,sd,8,124.29,2017-09-14 20:06:01,98,291.71,0.6,8
sakakah,sa,29.97,40.21,2017-09-14 19:00:00,7,307.15,4.1,0
svetlogorsk,ru,52.63,29.73,2017-09-14 20:06:32,64,291.86,7.45,0
mount isa,au,-20.73,139.5,2017-09-14 19:30:00,16,288.15,5.1,0
barbastro,es,42.04,0.13,2017-09-14 19:30:00,44,289.15,6.7,8
eskasem,af,36.72,71.61,2017-09-14 20:06:32,100,271.46,0.45,24
mecca,sa,21.43,39.83,2017-09-14 19:00:00,50,308.15,1.2,0
togur,ru,58.36,82.83,2017-09-14 20:06:32,97,280.11,5.65,92
conde,br,-7.26,-34.91,2017-09-14 19:00:00,74,299.15,6.2,40
fairbanks,us,64.84,-147.72,2017-09-14 18:58:00,70,283.15,3.1,40
north fort myers,us,26.67,-81.88,2017-09-14 18:53:00,62,307.15,3.1,90
harsin,ir,34.27,47.59,2017-09-14 19:00:00,7,296.15,2.1,0
karauzyak,uz,50,21.35,2017-09-14 20:00:00,67,290.15,9.3,75
tocopilla,cl,-22.09,-70.2,2017-09-14 20:06:33,88,289.01,3.45,0
mackay,au,-21.15,149.2,2017-09-14 19:00:00,36,289.15,4.1,0
lagunas,pe,-5.23,-75.68,2017-09-14 20:06:34,77,302.61,0.85,36
moroni,km,-11.7,43.26,2017-09-14 19:00:00,88,298.15,1,20
nishihara,jp,26.18,127.76,2017-09-14 19:59:00,94,301.15,7.2,40
hobyo,so,5.35,48.53,2017-09-14 20:06:34,81,298.01,8.85,0
bababe,mr,16.26,-14.1,2017-09-14 20:06:34,39,306.56,3.2,8
zile,tr,40.3,35.89,2017-09-14 19:20:00,49,293.15,5.7,0
segezha,ru,63.74,34.32,2017-09-14 20:06:35,99,284.26,1.55,88
phan thiet,vn,10.93,108.1,2017-09-14 20:06:35,100,298.21,5.65,88
tiznit,ma,29.58,-9.5,2017-09-14 20:06:35,53,297.66,1.6,88
grand gaube,mu,-20.01,57.66,2017-09-14 19:00:00,77,292.15,3.6,40
emirdag,tr,39.02,31.15,2017-09-14 20:06:35,70,287.61,0.95,0
san pietro in casale,it,44.7,11.4,2017-09-14 19:20:00,56,296.15,4.6,20
san policarpo,ph,12.18,125.51,2017-09-14 20:06:35,100,298.76,2.45,80
baie-comeau,ca,49.22,-68.15,2017-09-14 19:00:00,32,293.15,4.6,1
husavik,is,66.04,-17.34,2017-09-14 19:00:00,70,280.15,1.7,20
poum,nc,-20.23,164.02,2017-09-14 20:06:36,100,295.96,3.65,8
marsh harbour,bs,26.54,-77.06,2017-09-14 20:05:14,100,302.01,6.7,12
san carlos,ve,9.66,-68.58,2017-09-14 20:06:36,83,299.66,2.55,44
fort saint john,ca,56.25,-120.85,2017-09-14 19:00:00,54,286.15,4.1,75
tessalit,ml,20.2,1.01,2017-09-14 20:06:36,18,301.51,1.6,20
ixtapa,mx,20.7,-105.2,2017-09-14 18:52:00,74,304.15,3.1,40
narasapur,in,16.45,81.67,2017-09-14 20:06:37,100,302.56,4.8,36
ohara,jp,35.25,140.38,2017-09-14 19:30:00,68,295.15,2.6,75
pimentel,pe,-6.84,-79.93,2017-09-14 19:00:00,68,294.15,7.2,75
karkaralinsk,kz,49.41,75.47,2017-09-14 20:06:37,76,274.41,2,0
madinat sittah uktubar,eg,29.82,31.05,2017-09-14 19:30:00,65,300.15,6.7,0
uruzgan,af,32.93,66.63,2017-09-14 20:06:37,64,274.86,0.6,0
barentsburg,sj,52.62,8.8,2017-09-14 19:50:00,93,285.15,5.1,75
ivanteyevka,ru,55.97,37.92,2017-09-14 19:30:00,82,289.15,4,0
kegayli,uz,7.25,80.52,2017-09-14 20:06:38,97,294.21,2.4,80
verkhnevilyuysk,ru,63.45,120.32,2017-09-14 20:06:38,95,276.51,1.6,32
lata,sb,40.16,-8.33,2017-09-14 19:00:00,72,289.15,6.2,0
road town,vg,18.42,-64.62,2017-09-14 19:14:00,100,299.15,8.2,75
kropotkin,ru,45.44,40.58,2017-09-14 20:06:38,51,291.51,2.75,0
pecos,us,31.42,-103.49,2017-09-14 19:15:00,16,310.15,1.5,1
feldkirchen an der donau,at,48.35,14.05,2017-09-14 19:20:00,81,283.15,4.1,75
tabat,sd,53.05,90.91,2017-09-14 20:06:39,100,275.21,0.95,64
zabaykalsk,ru,49.63,117.32,2017-09-14 20:07:09,88,280.76,2.5,12
ler,sd,8.3,30.14,2017-09-14 20:07:09,98,294.96,1.45,92
oda,jp,35.18,132.5,2017-09-14 20:07:09,95,295.06,7.5,76
kushiro,jp,42.98,144.37,2017-09-14 20:07:09,98,285.11,5.1,56
sahrak,af,34.11,64.31,2017-09-14 20:07:09,79,273.96,1.05,12
san juan de los lagos,mx,21.25,-102.3,2017-09-14 18:40:00,49,294.15,1.5,40
sinnamary,gf,5.38,-52.95,2017-09-14 20:07:10,90,301.01,5,8
sturgis,us,41.8,-85.42,2017-09-14 19:36:00,57,299.15,1.5,75
warah,pk,27.45,67.8,2017-09-14 20:07:10,80,296.61,1.9,0
gaillac,fr,43.9,1.9,2017-09-14 19:30:00,63,289.15,4.6,0
verkhoyansk,ru,67.54,133.38,2017-09-14 20:07:10,82,269.41,1.2,68
chester,ca,53.19,-2.89,2017-09-14 19:50:00,87,286.15,5.1,40
kaeo,nz,-35.1,173.78,2017-09-14 20:07:10,87,289.21,7.5,8
dinsor,so,3,43.5,2017-09-14 20:07:10,66,297.06,4.85,12
matay,eg,28.42,30.78,2017-09-14 20:07:10,55,298.51,4.1,0
nisia floresta,br,-6.09,-35.21,2017-09-14 20:00:00,69,299.15,7.2,75
sorvag,fo,60.15,24.76,2017-09-14 19:50:00,93,285.15,3.6,75
alofi,nu,-19.06,-169.92,2017-09-14 19:00:00,94,296.15,5.1,64
zhelyabovka,ua,45.4,34.76,2017-09-14 20:07:11,100,291.76,3.35,0
nago,jp,26.59,127.98,2017-09-14 19:59:00,83,302.15,7.7,1
hit,iq,33.64,42.83,2017-09-14 20:07:11,21,297.46,1.95,0
guayabal,co,5.03,-74.89,2017-09-14 19:00:00,64,294.15,0.85,75
brownwood,us,31.71,-98.99,2017-09-14 19:55:00,21,311.15,4.6,1
trincomalee,lk,8.57,81.23,2017-09-14 20:07:12,87,297.96,6.9,64
macau,br,22.2,113.55,2017-09-14 19:30:00,74,302.15,3.1,20
tumannyy,ru,69.16,35.15,2017-09-14 20:07:12,99,278.71,8.4,92
vila,vu,42.03,-8.16,2017-09-14 19:30:00,67,288.15,5.7,0
havelock,us,34.88,-76.9,2017-09-14 19:54:00,100,300.15,3.6,90
pathein,mm,16.78,94.73,2017-09-14 20:07:12,97,298.36,2.4,64
piacabucu,br,-10.41,-36.43,2017-09-14 20:07:12,78,297.11,6.5,92
praia,cv,14.92,-23.51,2017-09-14 19:00:00,74,301.15,7.7,75
karasuk,ru,53.74,78.04,2017-09-14 20:07:13,84,281.11,3.75,24
shakiso,et,5.75,38.92,2017-09-14 20:07:13,99,288.11,0.9,92
erseke,al,40.34,20.68,2017-09-14 20:07:13,86,282.71,0.6,0
barillas,gt,15.8,-91.32,2017-09-14 20:07:13,89,293.86,0.5,80
ituni,gy,5.5,-58.33,2017-09-14 20:07:13,69,302.46,1.85,24
baykit,ru,61.67,96.37,2017-09-14 20:07:13,92,273.76,2.6,80
joao pinheiro,br,-17.74,-46.17,2017-09-14 20:07:14,32,300.51,3.9,0
pafos,cy,34.77,32.42,2017-09-14 20:00:00,83,299.15,2.6,0
sao filipe,cv,14.9,-24.5,2017-09-14 20:07:14,96,300.61,3.45,0
porto novo,cv,17.02,-25.06,2017-09-14 19:00:00,66,302.15,7.2,75
sechura,pe,-5.56,-80.82,2017-09-14 20:07:14,75,294.96,6.75,0
deniliquin,au,-35.53,144.97,2017-09-14 20:07:14,93,281.01,4.3,44
nara,ml,33.59,73.39,2017-09-14 19:30:00,69,299.15,7.2,20
bolungarvik,is,66.08,-23.12,2017-09-14 20:00:00,61,282.15,3.1,75
sterling,us,39.01,-77.43,2017-09-14 19:47:00,51,301.15,2.1,75
port blair,in,11.67,92.75,2017-09-14 20:07:15,100,299.86,9.3,88
martapura,id,-3.42,114.85,2017-09-14 19:00:00,88,298.15,1.5,20
taltal,cl,-25.4,-70.48,2017-09-14 20:07:15,50,289.56,1.1,0
cairns,au,-16.92,145.77,2017-09-14 19:30:00,78,295.15,5.1,20
ewa beach,us,21.32,-158.01,2017-09-14 18:58:00,61,302.15,3.1,1
tygda,ru,53.12,126.33,2017-09-14 20:07:45,91,279.61,1.1,12
flinders,au,-34.58,150.86,2017-09-14 19:30:00,58,285.15,10.3,20
karaton,kz,46.44,53.49,2017-09-14 20:07:46,17,292.86,5,8
bagnes,ch,46.08,7.22,2017-09-14 19:20:00,57,285.15,1,0
myitkyina,mm,25.38,97.4,2017-09-14 20:07:46,97,297.46,0.95,36
banjarmasin,id,-3.32,114.59,2017-09-14 19:00:00,88,298.15,1.5,20
attawapiskat,ca,52.3,-81.62,2017-09-14 20:07:46,72,284.46,1.95,76
tabiauea,ki,8.15,123.84,2017-09-14 20:07:46,100,295.21,0.75,44
palmer,us,42.16,-72.33,2017-09-14 18:58:00,65,301.15,5.7,75
holoby,ua,51.09,25.01,2017-09-14 20:07:47,56,291.81,7.4,44
coquimbo,cl,-29.95,-71.34,2017-09-14 19:00:00,63,290.15,7.2,0
kulu,tr,39.1,33.08,2017-09-14 20:07:47,72,287.51,0.85,0
kizner,ru,56.27,51.51,2017-09-14 20:07:47,85,289.51,5.35,0
monteiro,br,-7.89,-37.12,2017-09-14 20:07:47,60,296.51,6.35,64
ormara,pk,25.21,64.64,2017-09-14 20:07:47,95,299.06,5,0
ancud,cl,-41.87,-73.82,2017-09-14 20:07:47,70,282.01,3.2,64
puerto maldonado,pe,-12.6,-69.18,2017-09-14 19:00:00,62,305.15,2.6,75
asau,tv,46.43,26.4,2017-09-14 19:30:00,49,293.15,5.1,0
cabaiguan,cu,22.08,-79.5,2017-09-14 18:50:00,55,305.15,5.1,75
high level,ca,58.52,-117.14,2017-09-14 19:00:00,62,285.15,3.1,20
daphne,us,30.6,-87.9,2017-09-14 19:53:00,65,303.15,2.6,1
pinheiro machado,br,-31.58,-53.38,2017-09-14 20:07:49,93,288.61,2.5,92
pingzhuang,cn,42.04,119.29,2017-09-14 20:07:49,91,287.61,2.4,92
namatanai,pg,-3.67,152.43,2017-09-14 20:07:49,100,300.91,4.15,64
brignoles,fr,43.4,6.07,2017-09-14 19:30:00,32,293.15,3.6,64
havre-saint-pierre,ca,50.23,-63.6,2017-09-14 19:00:00,58,288.15,9.3,20
klyuchi,ru,52.27,79.17,2017-09-14 20:07:49,65,281.51,4.95,8
babu,cn,24.42,111.52,2017-09-14 20:07:49,85,291.51,1.3,0
lavrentiya,ru,65.58,-171,2017-09-14 20:07:49,100,277.96,6.5,80
san jeronimo,mx,-11.95,-75.28,2017-09-14 20:07:50,94,281.31,1.05,76
inongo,cd,-1.95,18.27,2017-09-14 20:07:50,94,295.61,1.55,76
batemans bay,au,-35.72,150.18,2017-09-14 20:07:50,79,285.71,3.75,0
puerto quijarro,bo,-17.78,-57.77,2017-09-14 20:07:50,52,304.86,2.85,0
nyurba,ru,63.28,118.33,2017-09-14 20:07:50,96,280.36,2.2,92
tarakan,id,3.3,117.63,2017-09-14 20:07:50,100,298.36,2.1,100
tanout,ne,14.97,8.89,2017-09-14 20:07:51,23,300.41,2.5,0
opuwo,na,-18.06,13.84,2017-09-14 20:07:51,70,289.91,2.2,0
yumbing,ph,9.24,124.66,2017-09-14 20:07:51,93,299.11,0.75,100
aklavik,ca,68.22,-135.01,2017-09-14 19:00:00,45,290.15,5.1,40
ahuimanu,us,21.44,-157.84,2017-09-14 18:58:00,66,302.15,2.6,20
matsanga,cg,60.15,24.76,2017-09-14 19:50:00,93,285.15,3.6,75
dargaville,nz,-35.93,173.88,2017-09-14 20:07:51,89,288.96,7.2,0
louisbourg,ca,48.9,9.19,2017-09-14 19:50:00,87,283.15,4.6,75
taldan,ru,53.67,124.8,2017-09-14 20:07:52,86,279.21,1.5,8
nuuk,gl,64.18,-51.72,2017-09-14 19:50:00,93,283.15,15.4,90
solginskiy,ru,61.05,41.34,2017-09-14 20:07:52,97,284.51,6.2,88
amsterdam,us,52.37,4.89,2017-09-14 19:55:00,82,287.15,4.6,20
geelong,au,-38.15,144.36,2017-09-14 19:30:00,81,284.15,6.2,90
alexandria,eg,31.22,29.96,2017-09-14 19:00:00,61,299.15,6.2,40
makokou,ga,0.57,12.86,2017-09-14 20:08:22,95,295.46,1.1,80
zachary,us,30.65,-91.16,2017-09-14 18:53:00,51,302.15,1.9,75
krasnoyarsk-45,ru,56.01,92.79,2017-09-14 19:30:00,70,279.15,3,0
cruz grande,mx,16.73,-99.13,2017-09-14 18:43:00,94,298.15,4.6,90
challakere,in,14.32,76.65,2017-09-14 20:08:23,98,294.31,2,88
tungkang,tw,14.82,121.12,2017-09-14 20:00:00,100,300.15,0.45,90
hofn,is,64.25,-15.21,2017-09-14 19:00:00,94,282.15,8.2,20
massaguet,td,12.48,15.44,2017-09-14 19:00:00,70,302.15,4.1,20
pereslavl-zalesskiy,ru,56.74,38.86,2017-09-14 20:08:23,90,285.56,5.9,76
la romana,do,18.43,-68.97,2017-09-14 19:00:00,79,304.15,5.1,75
ugoofaaru,mv,5.67,73,2017-09-14 20:08:24,100,300.61,6.5,76
sorong,id,-0.88,131.25,2017-09-14 20:08:24,100,299.76,2.7,48
jennings,us,38.72,-90.26,2017-09-14 19:51:00,32,303.15,1.5,1
bosobolo,cd,4.18,19.9,2017-09-14 20:08:24,93,295.31,2.05,56
qandala,so,11.47,49.87,2017-09-14 20:08:24,100,295.86,0.3,0
save,bj,8.04,2.49,2017-09-14 20:08:24,100,297.31,2.7,92
breves,br,-1.68,-50.48,2017-09-14 20:08:24,73,302.21,3.7,44
veraval,in,20.9,70.37,2017-09-14 20:08:25,96,298.76,3.8,8
itoman,jp,26.12,127.67,2017-09-14 19:59:00,94,301.15,7.2,40
aksay,kz,47.26,39.87,2017-09-14 19:30:00,68,292.15,2,0
phalaborwa,za,-23.94,31.14,2017-09-14 20:08:25,57,295.56,6,0
rawson,ar,-43.3,-65.1,2017-09-14 20:08:25,62,285.46,7.45,0
abomsa,et,9.98,39.98,2017-09-14 20:08:25,61,296.86,1.5,64
oakdale,us,44.96,-92.97,2017-09-14 19:55:00,35,305.15,5.1,20
mount gambier,au,-37.83,140.77,2017-09-14 20:05:47,95,284.26,3.55,92
debre birhan,et,9.68,39.53,2017-09-14 20:08:26,90,284.66,0.5,68
roebourne,au,-20.78,117.13,2017-09-14 20:08:26,27,288.16,3.1,0
kuche,cn,6.3,36.88,2017-09-14 20:08:26,97,291.31,0.8,88
fare,pf,-16.7,-151.02,2017-09-14 20:08:26,100,299.11,7.95,24
atasu,kz,48.68,71.64,2017-09-14 20:08:26,80,279.51,2.95,0
taoudenni,ml,22.68,-3.98,2017-09-14 20:08:26,11,309.11,5.8,8
havoysund,no,71,24.66,2017-09-14 19:50:00,81,280.15,10.3,75
padang,id,-0.95,100.35,2017-09-14 20:08:26,100,297.11,0.95,64
sadu,ro,45.67,24.18,2017-09-14 19:30:00,82,286.15,1.5,0
pirgos,gr,37.68,21.44,2017-09-14 19:20:00,77,296.15,1.55,0
bol,td,13.46,14.71,2017-09-14 20:08:27,54,303.36,4.75,24
chippewa falls,us,44.94,-91.39,2017-09-14 19:56:00,48,302.15,4.1,1
kushmurun,kz,23.22,87.52,2017-09-14 20:08:27,90,299.26,1.4,48
kamenskoye,ru,55.32,36.75,2017-09-14 19:30:00,87,288.15,3,0
esperanza,ph,19.58,-70.98,2017-09-14 19:00:00,70,304.15,6.7,40
burgos,es,42.35,-3.7,2017-09-14 19:30:00,71,284.15,7.2,0
safonovo,ru,55.15,33.22,2017-09-14 20:08:28,96,288.41,5.65,100
vanimo,pg,-2.67,141.3,2017-09-14 20:08:28,100,297.71,0.75,92
phon,th,15.82,102.6,2017-09-14 20:08:28,99,294.96,3.95,92
te anau,nz,-45.42,167.72,2017-09-14 20:08:28,93,284.21,7.05,80
abadan,ir,30.34,48.3,2017-09-14 19:00:00,27,306.15,3.1,0
kathmandu,np,27.72,85.32,2017-09-14 18:50:00,88,294.15,0.95,20
vestmannaeyjar,is,63.44,-20.27,2017-09-14 20:08:15,85,282.71,6.25,32
sungaipenuh,id,-2.08,101.38,2017-09-14 20:08:28,97,291.31,0.6,48
tunceli,tr,39.11,39.55,2017-09-14 18:50:00,50,295.15,2.1,0
xining,cn,36.62,101.77,2017-09-14 20:08:59,94,276.26,1.15,68
cloquet,us,46.72,-92.46,2017-09-14 19:55:00,93,301.15,3.6,90
novoagansk,ru,61.94,76.66,2017-09-14 20:08:59,100,277.21,1.15,92
mogadishu,so,2.04,45.34,2017-09-14 20:08:24,100,298.71,6.6,88
shitkino,ru,56.37,98.35,2017-09-14 20:08:59,95,277.76,1.95,88
kieta,pg,-6.22,155.63,2017-09-14 20:08:59,100,299.11,2,8
vao,nc,-22.67,167.48,2017-09-14 20:08:59,96,296.11,3.4,44
eniwa,jp,60.17,24.94,2017-09-14 19:50:00,93,285.15,3.6,75
artyk,ru,57.71,52.5,2017-09-14 20:09:00,89,289.66,5.35,76
peniche,pt,39.36,-9.38,2017-09-14 19:30:00,67,290.15,6.2,0
bandar-e lengeh,ir,26.56,54.88,2017-09-14 20:04:10,100,305.86,0.9,12
xai-xai,mz,-25.05,33.64,2017-09-14 20:09:00,97,294.96,6.85,0
jardim,br,-21.48,-56.14,2017-09-14 20:09:00,31,307.01,4.7,36
sayyan,ye,15.17,44.32,2017-09-14 20:09:00,29,290.46,2.7,56
bacuit,ph,11.19,119.4,2017-09-14 20:08:15,100,301.56,5.85,56
swan river,ca,52.11,-101.27,2017-09-14 20:09:00,73,284.46,2.85,92
boden,se,65.83,21.69,2017-09-14 19:50:00,81,283.15,4.6,90
fond du lac,us,43.77,-88.44,2017-09-14 19:15:00,44,299.15,4.1,1
batagay,ru,67.63,134.63,2017-09-14 20:09:01,68,265.86,1.25,0
laukaa,fi,62.42,26,2017-09-14 19:50:00,93,284.15,1.5,75
matara,lk,5.95,80.54,2017-09-14 20:09:01,100,297.36,5.75,100
gloucester,us,51.87,-2.24,2017-09-14 19:56:00,81,284.15,3.1,1
dongsheng,cn,39.82,109.98,2017-09-14 20:09:01,94,285.51,2.6,48
namtsy,ru,62.72,129.67,2017-09-14 20:08:46,93,279.46,1.1,92
kumphawapi,th,17.11,103.01,2017-09-14 20:08:56,98,295.61,3,48
roald,no,62.58,6.13,2017-09-14 19:50:00,100,284.15,1,20
molango,mx,20.78,-98.72,2017-09-14 20:09:02,41,301.41,0.95,0
yeletskiy,ru,52.62,38.5,2017-09-14 20:09:02,59,290.36,5.55,0
ridgecrest,us,35.62,-117.67,2017-09-14 18:56:00,32,300.15,2.6,1
phuket,th,7.89,98.4,2017-09-14 19:00:00,83,299.15,4.1,75
ghanzi,bw,-21.57,21.78,2017-09-14 20:09:02,32,289.91,2.1,0
olinda,br,-8.01,-34.86,2017-09-14 20:00:00,73,298.15,7.2,40
pochutla,mx,15.73,-96.47,2017-09-14 19:48:00,100,304.15,7.7,75
mildura,au,-34.2,142.15,2017-09-14 20:09:03,92,280.36,3.55,0
yeppoon,au,-23.13,150.73,2017-09-14 19:30:00,40,285.15,3.9,0
okhotsk,ru,59.38,143.3,2017-09-14 20:09:03,100,282.46,1.65,92
doctor pedro p. pena,py,-25.33,-57.53,2017-09-14 20:00:00,73,295.15,5.1,75
bissau,in,11.86,-15.6,2017-09-14 19:00:00,79,302.15,2.1,40
warqla,dz,29.05,81.3,2017-09-14 20:09:04,91,295.41,1.25,12
port hardy,ca,50.7,-127.42,2017-09-14 19:00:00,81,285.15,1,5
beira,mz,-19.84,34.84,2017-09-14 20:08:29,86,293.21,2.3,0
khamgaon,in,20.68,76.57,2017-09-14 20:09:04,97,295.96,2.15,88
buala,sb,-8.14,159.59,2017-09-14 20:06:22,91,300.81,3.85,76
tura,ru,25.52,90.22,2017-09-14 20:08:47,96,297.26,1.05,32
bundaberg,au,-24.85,152.35,2017-09-14 20:08:45,100,289.36,7.35,0
touros,br,-5.2,-35.46,2017-09-14 20:07:36,77,299.16,9.25,92
pangnirtung,ca,66.15,-65.71,2017-09-14 19:00:00,93,276.15,3.1,90
grand-santi,gf,4.25,-54.38,2017-09-14 20:09:04,91,298.91,1.8,48
saint-pierre,pm,-21.34,55.48,2017-09-14 19:30:00,64,295.15,3.1,20
sola,vu,-13.88,167.55,2017-09-14 20:09:04,98,299.81,6.85,80
hamilton,bm,43.23,-79.95,2017-09-14 19:00:00,57,299.15,3.6,40
dakar,sn,14.69,-17.44,2017-09-14 19:30:00,74,302.15,4.1,20
hillsborough,gd,37.57,-122.38,2017-09-14 19:35:00,65,297.15,4.1,75
lienz,at,46.83,12.77,2017-09-14 20:09:35,95,277.61,0.6,92
horni benesov,cz,49.97,17.6,2017-09-14 19:30:00,76,285.15,6.7,40
lancaster,gb,34.7,-118.14,2017-09-14 19:35:00,49,302.15,8.2,1
dubbo,au,-32.25,148.62,2017-09-14 19:30:00,70,280.15,2.1,90
iranshahr,ir,27.2,60.68,2017-09-14 19:00:00,21,307.15,5.1,0
utiroa,ki,3.58,98.67,2017-09-14 19:00:00,100,297.15,1,40
wanning,cn,18.8,110.4,2017-09-14 20:09:35,100,299.36,14.15,92
tukan,ru,53.84,57.46,2017-09-14 20:09:36,53,288.26,2.75,68
teguldet,ru,57.31,88.17,2017-09-14 20:09:36,97,277.11,2.95,92
antalaha,mg,-14.9,50.28,2017-09-14 20:09:36,88,293.91,2.85,0
swellendam,za,-34.02,20.44,2017-09-14 19:00:00,81,284.15,2.6,0
punta alta,ar,-38.88,-62.07,2017-09-14 20:09:36,80,284.46,4.8,0
pundaguitan,ph,6.36,126.18,2017-09-14 20:09:36,100,300.36,0.45,12
buraydah,sa,26.33,43.98,2017-09-14 19:00:00,17,306.15,2.75,0
labuan,my,-6.38,105.83,2017-09-14 20:09:37,98,298.36,6,0
novobiryusinskiy,ru,56.96,97.71,2017-09-14 20:09:37,88,277.26,2.45,88
bandarbeyla,so,9.49,50.81,2017-09-14 20:08:34,91,299.11,12.95,36
karoi,zw,-16.81,29.69,2017-09-14 20:09:37,35,292.71,4.45,0
pucara,pe,-15.98,-71.46,2017-09-14 19:00:00,22,294.15,5.1,0
daru,pg,-9.08,143.21,2017-09-14 20:09:37,100,297.11,6.8,92
surt,ly,31.21,16.59,2017-09-14 20:09:37,100,296.96,3.9,0
netivot,il,31.42,34.59,2017-09-14 20:09:37,93,295.96,2.75,64
victoria,sc,48.43,-123.37,2017-09-14 19:35:00,72,295.15,4.6,1
rockland,us,42.13,-70.92,2017-09-14 19:51:00,65,300.15,5.1,20
bafoulabe,ml,13.81,-10.83,2017-09-14 20:09:38,63,302.46,2.75,24
abaetetuba,br,-1.72,-48.88,2017-09-14 20:09:38,88,300.31,1.55,56
chaa-khol,ru,51.53,92.8,2017-09-14 20:09:38,100,271.31,1.1,0
minsk mazowiecki,pl,52.18,21.57,2017-09-14 20:00:00,87,286.15,3.6,75
barcelos,br,41.54,-8.62,2017-09-14 19:30:00,72,289.15,6.2,0
nanakuli,us,21.39,-158.15,2017-09-14 18:58:00,69,302.15,0.7,1
dauphin,ca,51.15,-100.05,2017-09-14 19:00:00,82,286.15,3.6,90
vysokogornyy,ru,50.12,139.15,2017-09-14 20:09:39,82,274.01,0.95,0
odweyne,so,9.41,45.06,2017-09-14 20:08:37,47,295.06,3.75,0
moindou,nc,8.57,16.08,2017-09-14 20:09:39,83,296.86,3.75,0
harrisburg,us,40.27,-76.88,2017-09-14 19:58:00,54,299.15,4.1,90
tabuk,sa,17.42,121.44,2017-09-14 20:09:39,97,294.26,0.7,88
letlhakane,bw,-21.42,25.58,2017-09-14 20:09:39,16,293.76,7.45,0
mudyuga,ru,63.72,39.64,2017-09-14 20:09:40,91,283.56,2.75,56
sarkand,kz,45.41,79.92,2017-09-14 20:09:40,82,277.91,1.1,0
buta,cd,2.79,24.73,2017-09-14 20:09:40,100,294.46,0.95,44
muisne,ec,0.6,-80.03,2017-09-14 20:08:39,76,300.11,3.35,8
semey,kz,50.41,80.23,2017-09-14 20:09:40,82,278.36,3.5,0
tupik,ru,54.43,119.93,2017-09-14 20:09:40,84,280.36,1.6,68
son la,vn,21.32,103.9,2017-09-14 20:09:40,99,293.26,0.85,88
yishui,cn,35.78,118.63,2017-09-14 20:09:40,87,287.21,2.1,8
vermillion,us,42.78,-96.93,2017-09-14 19:56:00,51,303.15,3.1,1
chatra,in,24.22,84.87,2017-09-14 20:09:41,91,296.36,1.3,36
cap malheureux,mu,-19.98,57.61,2017-09-14 19:00:00,77,292.15,3.6,40
vysotsk,ru,60.63,28.57,2017-09-14 19:50:00,100,284.15,1.5,90
sept-iles,ca,50.2,-66.38,2017-09-14 19:00:00,42,290.15,6.7,40
harper,lr,4.38,-7.72,2017-09-14 20:07:11,100,298.21,3.8,92
bandundu,cd,-3.32,17.37,2017-09-14 20:10:11,78,297.46,2.05,32
kusye-aleksandrovskiy,ru,58.38,58.32,2017-09-14 20:10:11,77,287.51,5.35,24
erbaa,tr,40.67,36.57,2017-09-14 20:10:12,94,286.01,0.7,0
la union,es,-5.4,-80.75,2017-09-14 20:10:12,75,294.96,6.75,0
angoram,pg,-4.06,144.07,2017-09-14 20:10:12,100,296.56,1.1,92
tombouctou,ml,16.77,-3.01,2017-09-14 20:10:13,35,302.51,0.3,8
burica,pa,38.75,-9.21,2017-09-14 19:30:00,67,292.15,6.2,0
savannah bight,hn,16.45,-85.85,2017-09-14 20:10:13,89,304.16,7.7,8
ucluelet,ca,48.93,-125.55,2017-09-14 19:00:00,42,293.15,3.1,5
talakan,ru,50.32,130.37,2017-09-14 20:10:14,97,283.61,1.15,36
yabrud,sy,33.97,36.66,2017-09-14 20:08:04,60,286.86,0.5,0
rio claro,tt,-22.41,-47.56,2017-09-14 19:00:00,16,307.15,4.1,0
sioux lookout,ca,50.1,-91.92,2017-09-14 19:34:00,76,285.15,1.5,90
bloomfield,us,40.81,-74.19,2017-09-14 19:56:00,78,301.15,1.5,90
taybad,ir,34.74,60.78,2017-09-14 20:10:15,37,287.76,4.95,0
vigrestad,no,58.57,5.7,2017-09-14 19:50:00,71,285.15,5.1,75
filadelfia,py,-22.35,-60.03,2017-09-14 20:05:33,42,305.71,3.55,0
katangli,ru,21.78,79.78,2017-09-14 20:10:15,98,295.76,1.3,68
vilyuysk,ru,63.76,121.62,2017-09-14 20:10:18,96,276.96,2.55,20
mwinilunga,zm,-11.74,24.43,2017-09-14 20:10:19,28,293.96,2.75,0
evansville,us,37.97,-87.56,2017-09-14 19:35:00,65,300.15,1.5,40
envira,br,-7.3,-70.22,2017-09-14 20:10:19,39,308.21,1.95,8
twentynine palms,us,34.14,-116.05,2017-09-14 18:56:00,26,304.15,8.2,1
puerto leguizamo,co,-0.19,-74.78,2017-09-14 20:10:19,43,307.61,0.9,8
silver city,us,32.77,-108.28,2017-09-14 19:55:00,22,303.15,5.1,1
buin,pg,-33.73,-70.75,2017-09-14 19:00:00,44,288.15,2.6,20
mehamn,no,71.04,27.85,2017-09-14 19:50:00,93,280.15,12.9,75
porto walter,br,-8.27,-72.74,2017-09-14 20:10:20,72,304.21,0.85,68
maceio,br,-9.67,-35.74,2017-09-14 20:00:00,69,297.15,5.7,75
san juan,ar,-31.54,-68.54,2017-09-14 20:10:20,20,293.46,4.35,0
mrirt,ma,33.15,-5.83,2017-09-14 20:10:20,44,293.76,1.55,68
matagami,ca,49.75,-77.63,2017-09-14 19:00:00,58,285.15,1.5,20
luis correia,br,-2.88,-41.67,2017-09-14 19:00:00,62,303.15,8.2,20
zapolyarnyy,ru,69.42,30.81,2017-09-14 19:50:00,93,277.15,10.8,75
karnobat,bg,42.65,26.98,2017-09-14 20:00:00,68,292.15,3.6,0
gallup,us,35.53,-108.74,2017-09-14 19:53:00,33,298.15,7.2,75
kununurra,au,-15.77,128.73,2017-09-14 19:30:00,14,299.15,3.1,32
damghan,ir,36.17,54.35,2017-09-14 20:10:22,76,287.56,1.4,0
pizhanka,ru,57.46,48.54,2017-09-14 20:10:22,80,287.31,8.6,0
namsos,no,64.47,11.5,2017-09-14 18:50:00,87,285.15,0.5,75
tarudant,ma,32.77,-97.3,2017-09-14 19:55:00,30,310.15,6.2,1
bisira,pa,8.95,-82.12,2017-09-14 20:10:23,83,298.96,0.65,92
villa maria,ar,-32.41,-63.24,2017-09-14 20:10:23,38,293.01,8.05,0
port-de-bouc,fr,43.4,4.98,2017-09-14 19:30:00,42,292.15,4.1,0
evensk,ru,61.95,159.23,2017-09-14 20:10:23,100,277.11,3.75,24
lokosovo,ru,61.13,74.82,2017-09-14 20:10:24,100,278.46,1.3,92
samarai,pg,-10.62,150.67,2017-09-14 20:08:45,99,298.61,7.85,92
lowestoft,gb,52.48,1.75,2017-09-14 19:50:00,93,284.15,0.5,20
arlit,ne,18.74,7.39,2017-09-14 20:08:18,13,298.21,2.8,0
kodinsk,ru,58.69,99.18,2017-09-14 20:10:54,88,276.56,2.5,88
khulo,ge,41.63,42.39,2017-09-14 19:30:00,93,293.15,1.5,0
ruatoria,nz,-38.37,178.3,2017-09-14 20:10:55,62,289.86,2.1,24
hami,cn,42.8,93.45,2017-09-14 20:10:55,55,284.46,0.35,0
chapais,ca,49.78,-74.85,2017-09-14 19:00:00,57,284.15,2.6,75
nchelenge,zm,-9.35,28.73,2017-09-14 20:10:55,39,291.46,2.15,0
kamaishi,jp,39.27,141.88,2017-09-14 20:10:56,92,287.26,3.65,0
lake city,us,30.19,-82.64,2017-09-14 18:53:00,58,303.15,2.6,75
aquiraz,br,-3.9,-38.39,2017-09-14 20:00:00,74,300.15,6.7,0
nieuw amsterdam,sr,5.88,-55.08,2017-09-14 20:00:00,66,303.15,5.1,40
narasannapeta,in,18.42,84.05,2017-09-14 20:10:56,100,296.36,1.2,68
maiduguri,ng,11.85,13.16,2017-09-14 20:10:45,70,299.51,4.75,0
verkhnyaya maksakovka,ru,61.63,50.97,2017-09-14 19:30:00,100,288.15,2,90
wilmington,us,34.23,-77.94,2017-09-14 19:53:00,70,302.15,5.1,75
leh,in,34.17,77.58,2017-09-14 20:10:57,90,270.11,0.75,80
port hawkesbury,ca,45.62,-61.35,2017-09-14 19:00:00,57,298.15,3.6,1
lolua,tv,60.17,24.94,2017-09-14 19:50:00,93,285.15,3.6,75
